DROP TABLE SEADUSE_PUNKT IF EXISTS CASCADE;
DROP TABLE SEADUS IF EXISTS CASCADE;
DROP TABLE KODAKONDSUS IF EXISTS CASCADE;
DROP TABLE RIIK IF EXISTS CASCADE;
DROP TABLE PIIRIRIKKUJA IF EXISTS CASCADE;

CREATE TABLE KODAKONDSUS (
	KODAKONDSUS_ID BIGINT NOT NULL,
	ALATES TIMESTAMP,
	AVAJA VARCHAR(32) NOT NULL,
	AVATUD TIMESTAMP NOT NULL,
	ISIKUKOOD VARCHAR(20),
	KOMMENTAAR VARCHAR(255),
	KUNI TIMESTAMP,
	MUUDETUD TIMESTAMP NOT NULL,
	MUUTJA VARCHAR(32) NOT NULL,
	SULETUD TIMESTAMP NOT NULL,
	SULGEJA VARCHAR(32),
	VERSION INTEGER,
	PIIRIRIKKUJA_ID BIGINT,
	RIIK_ID BIGINT,
	PRIMARY KEY (KODAKONDSUS_ID)
);
CREATE TABLE PIIRIRIKKUJA (
	PIIRIRIKKUJA_ID BIGINT NOT NULL,
	AVAJA VARCHAR(32) NOT NULL,
	AVATUD TIMESTAMP NOT NULL,
	EESNIMI VARCHAR(25),
	ISIKUKOOD VARCHAR(20),
	KOMMENTAAR VARCHAR(255),
	MUUDETUD TIMESTAMP NOT NULL,
	MUUTJA VARCHAR(32) NOT NULL,
	OBJEKT_ID INTEGER,
	PEREK_NIMI VARCHAR(35),
	SUGU VARCHAR(1),
	SULETUD TIMESTAMP NOT NULL,
	SULGEJA VARCHAR(32),
	SYNNIAEG TIMESTAMP,
	VERSION INTEGER,
	PRIMARY KEY (PIIRIRIKKUJA_ID)
);
CREATE TABLE RIIK (
	RIIK_ID BIGINT NOT NULL,
	ANSI_KOOD VARCHAR(20) NOT NULL,
	ISO_KOOD VARCHAR(20) NOT NULL,
	AVAJA VARCHAR(32) NOT NULL,
	AVATUD TIMESTAMP NOT NULL,
	KOMMENTAAR VARCHAR(255) NOT NULL,
	MUUDETUD TIMESTAMP NOT NULL,
	MUUTJA VARCHAR(32) NOT NULL,
	SULETUD TIMESTAMP NOT NULL,
	SULGEJA VARCHAR(32) NOT NULL,
	VERSION INTEGER,
	PRIMARY KEY (RIIK_ID)
);
CREATE TABLE SEADUS (
	SEADUSE_ID BIGINT NOT NULL,
	AVAJA VARCHAR(32) NOT NULL,
	AVATUD TIMESTAMP NOT NULL,
	KEHTIV_ALATES VARCHAR(20) NOT NULL,
	KEHTIV_KUNI VARCHAR(20) NOT NULL,
	KOMMENTAAR VARCHAR(20) NOT NULL,
	KOOD VARCHAR(20) NOT NULL,
	MUUDETUD TIMESTAMP NOT NULL,
	MUUTJA VARCHAR(32) NOT NULL,
	NIMETUS VARCHAR(20) NOT NULL,
	SULETUD TIMESTAMP NOT NULL,
	SULGEJA VARCHAR(32) NOT NULL,
	VERSION INTEGER,
	PRIMARY KEY (SEADUSE_ID)
);
CREATE TABLE SEADUSE_PUNKT (
	ID BIGINT NOT NULL,
	AVAJA VARCHAR(32) NOT NULL,
	AVATUD TIMESTAMP NOT NULL,
	KEHTIV_ALATES VARCHAR(20) NOT NULL,
	KEHTIV_KUNI VARCHAR(20) NOT NULL,
	KOMMENTAAR VARCHAR(20) NOT NULL,
	MUUDETUD TIMESTAMP NOT NULL,
	MUUTJA VARCHAR(32) NOT NULL,
	PAIS VARCHAR(20) NOT NULL,
	PARAGRAHV VARCHAR(20) NOT NULL,
	SEADUSE_PUNKT_ID INTEGER NOT NULL,
	SULETUD TIMESTAMP NOT NULL,
	SULGEJA VARCHAR(32) NOT NULL,
	TEKST VARCHAR(20) NOT NULL,
	VERSION INTEGER,
	SEADUSE_ID BIGINT,
	YLEMUS_SEADUSE_PUNKT_ID BIGINT,
	PRIMARY KEY (ID)
);

INSERT INTO RIIK (RIIK_ID, ANSI_KOOD, ISO_KOOD, AVAJA, AVATUD, KOMMENTAAR, MUUDETUD, MUUTJA, SULETUD, SULGEJA, VERSION) VALUES (1, 'EE', 'EST', 'Test', '2011-10-20 00:00:00', 'Pole', '2011-10-20 00:00:00', 'Test', '2030-10-20 00:00:00', '',  1);
INSERT INTO RIIK (RIIK_ID, ANSI_KOOD, ISO_KOOD, AVAJA, AVATUD, KOMMENTAAR, MUUDETUD, MUUTJA, SULETUD, SULGEJA, VERSION) VALUES (2, 'EN', 'ENG', 'Test', '2011-10-20 00:00:00', 'Pole', '2011-10-20 00:00:00', 'Test', '2030-10-20 00:00:00', '', '1');
INSERT INTO RIIK (RIIK_ID, ANSI_KOOD, ISO_KOOD, AVAJA, AVATUD, KOMMENTAAR, MUUDETUD, MUUTJA, SULETUD, SULGEJA, VERSION) VALUES (3, 'DE', 'DEU', 'Test', '2011-10-20 00:00:00', 'Pole', '2011-10-20 00:00:00', 'Test', '2030-10-20 00:00:00', '', '1');
INSERT INTO RIIK (RIIK_ID, ANSI_KOOD, ISO_KOOD, AVAJA, AVATUD, KOMMENTAAR, MUUDETUD, MUUTJA, SULETUD, SULGEJA, VERSION) VALUES (4, 'FI', 'FIN', 'Test', '2011-10-20 00:00:00', 'Pole', '2011-10-20 00:00:00', 'Test', '2030-10-20 00:00:00', '', '1');

INSERT INTO PIIRIRIKKUJA(PIIRIRIKKUJA_ID, AVAJA, AVATUD, EESNIMI, ISIKUKOOD, KOMMENTAAR, MUUDETUD, MUUTJA, OBJEKT_ID, PEREK_NIMI, SUGU, SULETUD, SULGEJA, SYNNIAEG, VERSION) VALUES (1, 'ylem', '2011-12-01 00:05:14.410000000', 'Jaan', '4001002001', 'Paha mees', '2011-12-01 00:05:14.410000000', 'ylem', 0, 'Murakas', 'M', '2099-12-31 00:00:00.000000000', '', '2011-04-04 00:00:00.000000000', 0);
INSERT INTO PIIRIRIKKUJA(PIIRIRIKKUJA_ID, AVAJA, AVATUD, EESNIMI, ISIKUKOOD, KOMMENTAAR, MUUDETUD, MUUTJA, OBJEKT_ID, PEREK_NIMI, SUGU, SULETUD, SULGEJA, SYNNIAEG, VERSION) VALUES (2, 'ylem', '2011-12-01 00:05:14.410000000', 'Mari', '4001002002', 'Paha naine', '2011-12-01 00:05:14.410000000', 'ylem', 0, 'Seep', 'N', '2099-12-31 00:00:00.000000000', '', '2011-04-04 00:00:00.000000000', 0);
INSERT INTO PIIRIRIKKUJA(PIIRIRIKKUJA_ID, AVAJA, AVATUD, EESNIMI, ISIKUKOOD, KOMMENTAAR, MUUDETUD, MUUTJA, OBJEKT_ID, PEREK_NIMI, SUGU, SULETUD, SULGEJA, SYNNIAEG, VERSION) VALUES (3, 'ylem', '2011-12-01 00:05:14.410000000', 'Jüri', '4001002003', 'Paha mees', '2011-12-01 00:05:14.410000000', 'ylem', 0, 'King', 'M', '2099-12-31 00:00:00.000000000', '', '2011-04-04 00:00:00.000000000', 0);
INSERT INTO PIIRIRIKKUJA(PIIRIRIKKUJA_ID, AVAJA, AVATUD, EESNIMI, ISIKUKOOD, KOMMENTAAR, MUUDETUD, MUUTJA, OBJEKT_ID, PEREK_NIMI, SUGU, SULETUD, SULGEJA, SYNNIAEG, VERSION) VALUES (4, 'ylem', '2011-12-01 00:05:14.410000000', 'Lembit', '4001002004', 'Paha mees', '2011-12-01 00:05:14.410000000', 'ylem', 0, 'Jurakas', 'M', '2099-12-31 00:00:00.000000000', '', '2011-04-04 00:00:00.000000000', 0);

INSERT INTO KODAKONDSUS(KODAKONDSUS_ID, ALATES, AVAJA, AVATUD, ISIKUKOOD, KOMMENTAAR, KUNI, MUUDETUD, MUUTJA, SULETUD, SULGEJA, VERSION, PIIRIRIKKUJA_ID, RIIK_ID) VALUES (1, '2004-12-01 00:00:00.000000000', 'Test', '2011-12-01 00:00:00.000000000', '4005009001', '', '2012-12-01 00:00:00.000000000', '2011-12-01 00:00:00.000000000', 'Test', '2030-12-29 00:00:00.000000000', '', 0, 1, 1);
INSERT INTO KODAKONDSUS(KODAKONDSUS_ID, ALATES, AVAJA, AVATUD, ISIKUKOOD, KOMMENTAAR, KUNI, MUUDETUD, MUUTJA, SULETUD, SULGEJA, VERSION, PIIRIRIKKUJA_ID, RIIK_ID) VALUES (2, '2004-12-01 00:00:00.000000000', 'Test', '2011-12-01 00:00:00.000000000', '4005009002', '', '2012-12-01 00:00:00.000000000', '2011-12-01 00:00:00.000000000', 'Test', '2030-12-29 00:00:00.000000000', '', 0, 1, 3);
INSERT INTO KODAKONDSUS(KODAKONDSUS_ID, ALATES, AVAJA, AVATUD, ISIKUKOOD, KOMMENTAAR, KUNI, MUUDETUD, MUUTJA, SULETUD, SULGEJA, VERSION, PIIRIRIKKUJA_ID, RIIK_ID) VALUES (3, '2004-12-01 00:00:00.000000000', 'Test', '2011-12-01 00:00:00.000000000', '4005009003', '', '2012-12-01 00:00:00.000000000', '2011-12-01 00:00:00.000000000', 'Test', '2030-12-29 00:00:00.000000000', '', 0, 2, 3);
INSERT INTO KODAKONDSUS(KODAKONDSUS_ID, ALATES, AVAJA, AVATUD, ISIKUKOOD, KOMMENTAAR, KUNI, MUUDETUD, MUUTJA, SULETUD, SULGEJA, VERSION, PIIRIRIKKUJA_ID, RIIK_ID) VALUES (4, '2004-12-01 00:00:00.000000000', 'Test', '2011-12-01 00:00:00.000000000', '4005009004', '', '2012-12-01 00:00:00.000000000', '2011-12-01 00:00:00.000000000', 'Test', '2030-12-29 00:00:00.000000000', '', 0, 2, 1);
INSERT INTO KODAKONDSUS(KODAKONDSUS_ID, ALATES, AVAJA, AVATUD, ISIKUKOOD, KOMMENTAAR, KUNI, MUUDETUD, MUUTJA, SULETUD, SULGEJA, VERSION, PIIRIRIKKUJA_ID, RIIK_ID) VALUES (5, '2004-12-01 00:00:00.000000000', 'Test', '2011-12-01 00:00:00.000000000', '4005009005', '', '2012-12-01 00:00:00.000000000', '2011-12-01 00:00:00.000000000', 'Test', '2030-12-29 00:00:00.000000000', '', 0, 2, 2);
INSERT INTO KODAKONDSUS(KODAKONDSUS_ID, ALATES, AVAJA, AVATUD, ISIKUKOOD, KOMMENTAAR, KUNI, MUUDETUD, MUUTJA, SULETUD, SULGEJA, VERSION, PIIRIRIKKUJA_ID, RIIK_ID) VALUES (6, '2004-12-01 00:00:00.000000000', 'Test', '2011-12-01 00:00:00.000000000', '4005009006', '', '2012-12-01 00:00:00.000000000', '2011-12-01 00:00:00.000000000', 'Test', '2030-12-29 00:00:00.000000000', '', 0, 2, 4);
INSERT INTO KODAKONDSUS(KODAKONDSUS_ID, ALATES, AVAJA, AVATUD, ISIKUKOOD, KOMMENTAAR, KUNI, MUUDETUD, MUUTJA, SULETUD, SULGEJA, VERSION, PIIRIRIKKUJA_ID, RIIK_ID) VALUES (7, '2004-12-01 00:00:00.000000000', 'Test', '2011-12-01 00:00:00.000000000', '4005009007', '', '2012-12-01 00:00:00.000000000', '2011-12-01 00:00:00.000000000', 'Test', '2030-12-29 00:00:00.000000000', '', 0, 3, 4);
INSERT INTO KODAKONDSUS(KODAKONDSUS_ID, ALATES, AVAJA, AVATUD, ISIKUKOOD, KOMMENTAAR, KUNI, MUUDETUD, MUUTJA, SULETUD, SULGEJA, VERSION, PIIRIRIKKUJA_ID, RIIK_ID) VALUES (8, '2004-12-01 00:00:00.000000000', 'Test', '2011-12-01 00:00:00.000000000', '4005009008', '', '2012-12-01 00:00:00.000000000', '2011-12-01 00:00:00.000000000', 'Test', '2030-12-29 00:00:00.000000000', '', 0, 3, 2);
INSERT INTO KODAKONDSUS(KODAKONDSUS_ID, ALATES, AVAJA, AVATUD, ISIKUKOOD, KOMMENTAAR, KUNI, MUUDETUD, MUUTJA, SULETUD, SULGEJA, VERSION, PIIRIRIKKUJA_ID, RIIK_ID) VALUES (9, '2004-12-01 00:00:00.000000000', 'Test', '2011-12-01 00:00:00.000000000', '4005009009', '', '2012-12-01 00:00:00.000000000', '2011-12-01 00:00:00.000000000', 'Test', '2030-12-29 00:00:00.000000000', '', 0, 4, 3);

INSERT INTO SEADUS (SEADUSE_ID, AVAJA, AVATUD, KEHTIV_ALATES, KEHTIV_KUNI, KOMMENTAAR, KOOD, MUUDETUD, MUUTJA, NIMETUS, SULETUD, SULGEJA, VERSION) VALUES  (1, 'Test', '2011-12-01 00:00:00.000000000', '2012-12-01 00:00:00.000000000', '2013-12-01 00:00:00.000000000', 'Pole', 'AA', '2011-12-01 00:00:00.000000000', 'Test', 'Relva seadus', '2030-12-01 00:00:00.000000000', '', 1);
INSERT INTO SEADUS (SEADUSE_ID, AVAJA, AVATUD, KEHTIV_ALATES, KEHTIV_KUNI, KOMMENTAAR, KOOD, MUUDETUD, MUUTJA, NIMETUS, SULETUD, SULGEJA, VERSION) VALUES  (2, 'Test', '2011-12-01 00:00:00.000000000', '2012-12-01 00:00:00.000000000', '2013-12-01 00:00:00.000000000', 'Pole', 'AB', '2011-12-01 00:00:00.000000000', 'Test', 'Majandus seadus', '2030-12-01 00:00:00.000000000', '', 1);
INSERT INTO SEADUS (SEADUSE_ID, AVAJA, AVATUD, KEHTIV_ALATES, KEHTIV_KUNI, KOMMENTAAR, KOOD, MUUDETUD, MUUTJA, NIMETUS, SULETUD, SULGEJA, VERSION) VALUES  (3, 'Test', '2011-12-01 00:00:00.000000000', '2012-12-01 00:00:00.000000000', '2013-12-01 00:00:00.000000000', 'Pole', 'CA', '2011-12-01 00:00:00.000000000', 'Test', 'Porni seadus', '2030-12-01 00:00:00.000000000', '', 1);
INSERT INTO SEADUS (SEADUSE_ID, AVAJA, AVATUD, KEHTIV_ALATES, KEHTIV_KUNI, KOMMENTAAR, KOOD, MUUDETUD, MUUTJA, NIMETUS, SULETUD, SULGEJA, VERSION) VALUES  (4, 'Test', '2011-12-01 00:00:00.000000000', '2012-12-01 00:00:00.000000000', '2013-12-01 00:00:00.000000000', 'Pole', 'DA', '2011-12-01 00:00:00.000000000', 'Test', 'Muusika seadus', '2030-12-01 00:00:00.000000000', '', 1);


--INSERT INTO SEADUSE_PUNKT (SEADUSE_PUNKT_ID, AVAJA, AVATUD, KEHTIV_ALATES, KEHTIV_KUNI, KOMMENTAAR, MUUDETUD, MUUTJA, PAIS, PARAGRAHV, SULETUD, SULGEJA, TEKST, VERSION, SEADUSE_ID, YLEMUS_SEADUSE_PUNKT_ID) VALUES (1, 'Test', '2011-12-01 00:00:00.000000000', '2012-12-01', '2013-12-01', 'Pole', '2011-12-01 00:00:00.000000000', 'Test', 'Paragrahv', '1', '2012-30-01 00:00:00.000000000', '', 'SISU', 1, 1, null);
--INSERT INTO SEADUSE_PUNKT (SEADUSE_PUNKT_ID, AVAJA, AVATUD, KEHTIV_ALATES, KEHTIV_KUNI, KOMMENTAAR, MUUDETUD, MUUTJA, PAIS, PARAGRAHV, SULETUD, SULGEJA, TEKST, VERSION, SEADUSE_ID, YLEMUS_SEADUSE_PUNKT_ID) VALUES (2, 'Test', '2011-12-01 00:00:00.000000000', '2013-12-01', '2014-12-01', 'Pole', '2011-12-01 00:00:00.000000000', 'Test', 'Paragrahv', '1.2', '2012-30-01 00:00:00.000000000', '', 'SISU', 1, 1, 1);
--INSERT INTO SEADUSE_PUNKT (SEADUSE_PUNKT_ID, AVAJA, AVATUD, KEHTIV_ALATES, KEHTIV_KUNI, KOMMENTAAR, MUUDETUD, MUUTJA, PAIS, PARAGRAHV, SULETUD, SULGEJA, TEKST, VERSION, SEADUSE_ID, YLEMUS_SEADUSE_PUNKT_ID) VALUES (3, 'Test', '2011-12-01 00:00:00.000000000', '2012-12-01', '2013-12-01', 'Pole', '2011-12-01 00:00:00.000000000', 'Test', 'Paragrahv', '2', '2012-30-01 00:00:00.000000000', '', 'SISU', 1, 1, null);
--INSERT INTO SEADUSE_PUNKT (SEADUSE_PUNKT_ID, AVAJA, AVATUD, KEHTIV_ALATES, KEHTIV_KUNI, KOMMENTAAR, MUUDETUD, MUUTJA, PAIS, PARAGRAHV, SULETUD, SULGEJA, TEKST, VERSION, SEADUSE_ID, YLEMUS_SEADUSE_PUNKT_ID) VALUES (4, 'Test', '2011-12-01 00:00:00.000000000', '2012-12-01', '2013-12-01', 'Pole', '2011-12-01 00:00:00.000000000', 'Test', 'Paragrahv', '1', '2012-30-01 00:00:00.000000000', '', 'SISU', 1, 2, null);
--INSERT INTO SEADUSE_PUNKT (SEADUSE_PUNKT_ID, AVAJA, AVATUD, KEHTIV_ALATES, KEHTIV_KUNI, KOMMENTAAR, MUUDETUD, MUUTJA, PAIS, PARAGRAHV, SULETUD, SULGEJA, TEKST, VERSION, SEADUSE_ID, YLEMUS_SEADUSE_PUNKT_ID) VALUES (5, 'Test', '2011-12-01 00:00:00.000000000', '2015-12-01', '2013-13-01', 'Pole', '2011-12-01 00:00:00.000000000', 'Test', 'Paragrahv', '2', '2012-30-01 00:00:00.000000000', '', 'SISU', 1, 2, null);
--INSERT INTO SEADUSE_PUNKT (SEADUSE_PUNKT_ID, AVAJA, AVATUD, KEHTIV_ALATES, KEHTIV_KUNI, KOMMENTAAR, MUUDETUD, MUUTJA, PAIS, PARAGRAHV, SULETUD, SULGEJA, TEKST, VERSION, SEADUSE_ID, YLEMUS_SEADUSE_PUNKT_ID) VALUES (6, 'Test', '2011-12-01 00:00:00.000000000', '2012-12-01', '2013-12-01', 'Pole', '2011-12-01 00:00:00.000000000', 'Test', 'Paragrahv', '2.1', '2012-30-01 00:00:00.000000000', '', 'SISU', 1, 2, 6);
--INSERT INTO SEADUSE_PUNKT (SEADUSE_PUNKT_ID, AVAJA, AVATUD, KEHTIV_ALATES, KEHTIV_KUNI, KOMMENTAAR, MUUDETUD, MUUTJA, PAIS, PARAGRAHV, SULETUD, SULGEJA, TEKST, VERSION, SEADUSE_ID, YLEMUS_SEADUSE_PUNKT_ID) VALUES (7, 'Test', '2011-12-01 00:00:00.000000000', '2012-12-01', '2013-12-01', 'Pole', '2011-12-01 00:00:00.000000000', 'Test', 'Paragrahv', '1', '2012-30-01 00:00:00.000000000', '', 'SISU', 1, 3, null);
--INSERT INTO SEADUSE_PUNKT (SEADUSE_PUNKT_ID, AVAJA, AVATUD, KEHTIV_ALATES, KEHTIV_KUNI, KOMMENTAAR, MUUDETUD, MUUTJA, PAIS, PARAGRAHV, SULETUD, SULGEJA, TEKST, VERSION, SEADUSE_ID, YLEMUS_SEADUSE_PUNKT_ID) VALUES (8, 'Test', '2011-12-01 00:00:00.000000000', '2012-12-01', '2013-12-01', 'Pole', '2011-12-01 00:00:00.000000000', 'Test', 'Paragrahv', '2', '2012-30-01 00:00:00.000000000', '', 'SISU', 1, 3, null);
--INSERT INTO SEADUSE_PUNKT (SEADUSE_PUNKT_ID, AVAJA, AVATUD, KEHTIV_ALATES, KEHTIV_KUNI, KOMMENTAAR, MUUDETUD, MUUTJA, PAIS, PARAGRAHV, SULETUD, SULGEJA, TEKST, VERSION, SEADUSE_ID, YLEMUS_SEADUSE_PUNKT_ID) VALUES (9, 'Test', '2011-12-01 00:00:00.000000000', '2012-12-01', '2013-12-01', 'Pole', '2011-12-01 00:00:00.000000000', 'Test', 'Paragrahv', '1', '2012-30-01 00:00:00.000000000', '', 'SISU', 1, 4, null);
--INSERT INTO SEADUSE_PUNKT (SEADUSE_PUNKT_ID, AVAJA, AVATUD, KEHTIV_ALATES, KEHTIV_KUNI, KOMMENTAAR, MUUDETUD, MUUTJA, PAIS, PARAGRAHV, SULETUD, SULGEJA, TEKST, VERSION, SEADUSE_ID, YLEMUS_SEADUSE_PUNKT_ID) VALUES (10, 'Test', '2011-12-01 00:00:00.000000000', '2012-12-01', '2013-12-01', 'Pole', '2011-12-01 00:00:00.000000000', 'Test', 'Paragrahv', '2', '2012-30-01 00:00:00.000000000', '', 'SISU', 1, 4, null);
--INSERT INTO SEADUSE_PUNKT (SEADUSE_PUNKT_ID, AVAJA, AVATUD, KEHTIV_ALATES, KEHTIV_KUNI, KOMMENTAAR, MUUDETUD, MUUTJA, PAIS, PARAGRAHV, SULETUD, SULGEJA, TEKST, VERSION, SEADUSE_ID, YLEMUS_SEADUSE_PUNKT_ID) VALUES (11, 'Test', '2011-12-01 00:00:00.000000000', '2012-12-01', '2013-12-01', 'Pole', '2011-12-01 00:00:00.000000000', 'Test', 'Paragrahv', '3', '2012-30-01 00:00:00.000000000', '', 'SISU', 1, 4, null);

ALTER TABLE KODAKONDSUS
	ADD FOREIGN KEY (PIIRIRIKKUJA_ID) 
	REFERENCES PIIRIRIKKUJA (PIIRIRIKKUJA_ID);

ALTER TABLE KODAKONDSUS
	ADD FOREIGN KEY (RIIK_ID) 
	REFERENCES RIIK (RIIK_ID);


ALTER TABLE SEADUSE_PUNKT
	ADD FOREIGN KEY (SEADUSE_ID) 
	REFERENCES SEADUS (SEADUSE_ID);

ALTER TABLE SEADUSE_PUNKT
	ADD FOREIGN KEY (YLEMUS_SEADUSE_PUNKT_ID) 
	REFERENCES SEADUSE_PUNKT (ID);


